--------------------------------------------------------
--  File created - Saturday-April-28-2018   
--------------------------------------------------------
--------------------------------------------------------
--  DDL for Table EMP_PHONE
--------------------------------------------------------

  CREATE TABLE "MANAGER"."EMP_PHONE" 
   (	"EID" CHAR(10 BYTE), 
	"EPHONE" CHAR(10 BYTE)
   ) SEGMENT CREATION IMMEDIATE 
  PCTFREE 10 PCTUSED 40 INITRANS 1 MAXTRANS 255 
 NOCOMPRESS LOGGING
  STORAGE(INITIAL 65536 NEXT 1048576 MINEXTENTS 1 MAXEXTENTS 2147483645
  PCTINCREASE 0 FREELISTS 1 FREELIST GROUPS 1
  BUFFER_POOL DEFAULT FLASH_CACHE DEFAULT CELL_FLASH_CACHE DEFAULT)
  TABLESPACE "USERS" ;
--------------------------------------------------------
--  DDL for Table DOCTOR
--------------------------------------------------------

  CREATE TABLE "MANAGER"."DOCTOR" 
   (	"EID_DOC" NUMBER
   ) SEGMENT CREATION IMMEDIATE 
  PCTFREE 10 PCTUSED 40 INITRANS 1 MAXTRANS 255 
 NOCOMPRESS LOGGING
  STORAGE(INITIAL 65536 NEXT 1048576 MINEXTENTS 1 MAXEXTENTS 2147483645
  PCTINCREASE 0 FREELISTS 1 FREELIST GROUPS 1
  BUFFER_POOL DEFAULT FLASH_CACHE DEFAULT CELL_FLASH_CACHE DEFAULT)
  TABLESPACE "USERS" ;
--------------------------------------------------------
--  DDL for Table DEPARTMENT
--------------------------------------------------------

  CREATE TABLE "MANAGER"."DEPARTMENT" 
   (	"DID" VARCHAR2(20 BYTE), 
	"DTITLE" VARCHAR2(20 BYTE), 
	"EID" NUMBER
   ) SEGMENT CREATION IMMEDIATE 
  PCTFREE 10 PCTUSED 40 INITRANS 1 MAXTRANS 255 
 NOCOMPRESS LOGGING
  STORAGE(INITIAL 65536 NEXT 1048576 MINEXTENTS 1 MAXEXTENTS 2147483645
  PCTINCREASE 0 FREELISTS 1 FREELIST GROUPS 1
  BUFFER_POOL DEFAULT FLASH_CACHE DEFAULT CELL_FLASH_CACHE DEFAULT)
  TABLESPACE "USERS" ;
--------------------------------------------------------
--  DDL for Table EMPLOYEE
--------------------------------------------------------

  CREATE TABLE "MANAGER"."EMPLOYEE" 
   (	"EID" NUMBER, 
	"EFNAME" VARCHAR2(20 BYTE), 
	"ELNAME" VARCHAR2(20 BYTE), 
	"EDOB" DATE, 
	"EGENRE" CHAR(1 BYTE), 
	"ESPECIALTY" VARCHAR2(20 BYTE), 
	"EADDRESS" VARCHAR2(20 BYTE), 
	"ESTARTDATE" DATE, 
	"DID" VARCHAR2(20 BYTE)
   ) SEGMENT CREATION IMMEDIATE 
  PCTFREE 10 PCTUSED 40 INITRANS 1 MAXTRANS 255 
 NOCOMPRESS LOGGING
  STORAGE(INITIAL 65536 NEXT 1048576 MINEXTENTS 1 MAXEXTENTS 2147483645
  PCTINCREASE 0 FREELISTS 1 FREELIST GROUPS 1
  BUFFER_POOL DEFAULT FLASH_CACHE DEFAULT CELL_FLASH_CACHE DEFAULT)
  TABLESPACE "USERS" ;
--------------------------------------------------------
--  DDL for Table INPATIENT
--------------------------------------------------------

  CREATE TABLE "MANAGER"."INPATIENT" 
   (	"PID_IN" NUMBER, 
	"PADMISSIONDATE" DATE, 
	"PDISCHARGEDATE" DATE, 
	"PDIAGNOSIS" VARCHAR2(20 BYTE), 
	"PSICKROOM" NUMBER, 
	"PFEE" NUMBER(10,2), 
	"EID_DOC" NUMBER, 
	"EID_NUR" NUMBER
   ) SEGMENT CREATION IMMEDIATE 
  PCTFREE 10 PCTUSED 40 INITRANS 1 MAXTRANS 255 
 NOCOMPRESS LOGGING
  STORAGE(INITIAL 65536 NEXT 1048576 MINEXTENTS 1 MAXEXTENTS 2147483645
  PCTINCREASE 0 FREELISTS 1 FREELIST GROUPS 1
  BUFFER_POOL DEFAULT FLASH_CACHE DEFAULT CELL_FLASH_CACHE DEFAULT)
  TABLESPACE "USERS" ;
--------------------------------------------------------
--  DDL for Table EXAMINATION
--------------------------------------------------------

  CREATE TABLE "MANAGER"."EXAMINATION" 
   (	"EID_DOC" NUMBER, 
	"PID_OUT" NUMBER, 
	"EXID" VARCHAR2(5 BYTE), 
	"EXDATE" DATE, 
	"EXFEE" NUMBER(10,2), 
	"EXDIAGNOSIS" VARCHAR2(20 BYTE), 
	"EXSECONDEXAMINATIONDATE" DATE
   ) SEGMENT CREATION IMMEDIATE 
  PCTFREE 10 PCTUSED 40 INITRANS 1 MAXTRANS 255 
 NOCOMPRESS LOGGING
  STORAGE(INITIAL 65536 NEXT 1048576 MINEXTENTS 1 MAXEXTENTS 2147483645
  PCTINCREASE 0 FREELISTS 1 FREELIST GROUPS 1
  BUFFER_POOL DEFAULT FLASH_CACHE DEFAULT CELL_FLASH_CACHE DEFAULT)
  TABLESPACE "USERS" ;
--------------------------------------------------------
--  DDL for Table MEDICATION
--------------------------------------------------------

  CREATE TABLE "MANAGER"."MEDICATION" 
   (	"MID" NUMBER, 
	"MNAME" VARCHAR2(20 BYTE), 
	"MEFFECTS" VARCHAR2(20 BYTE), 
	"MPRICE" NUMBER(10,2)
   ) SEGMENT CREATION IMMEDIATE 
  PCTFREE 10 PCTUSED 40 INITRANS 1 MAXTRANS 255 
 NOCOMPRESS LOGGING
  STORAGE(INITIAL 65536 NEXT 1048576 MINEXTENTS 1 MAXEXTENTS 2147483645
  PCTINCREASE 0 FREELISTS 1 FREELIST GROUPS 1
  BUFFER_POOL DEFAULT FLASH_CACHE DEFAULT CELL_FLASH_CACHE DEFAULT)
  TABLESPACE "USERS" ;
--------------------------------------------------------
--  DDL for Table NURSE
--------------------------------------------------------

  CREATE TABLE "MANAGER"."NURSE" 
   (	"EID_NUR" NUMBER
   ) SEGMENT CREATION IMMEDIATE 
  PCTFREE 10 PCTUSED 40 INITRANS 1 MAXTRANS 255 
 NOCOMPRESS LOGGING
  STORAGE(INITIAL 65536 NEXT 1048576 MINEXTENTS 1 MAXEXTENTS 2147483645
  PCTINCREASE 0 FREELISTS 1 FREELIST GROUPS 1
  BUFFER_POOL DEFAULT FLASH_CACHE DEFAULT CELL_FLASH_CACHE DEFAULT)
  TABLESPACE "USERS" ;
--------------------------------------------------------
--  DDL for Table OUTPATIENT
--------------------------------------------------------

  CREATE TABLE "MANAGER"."OUTPATIENT" 
   (	"PID_OUT" NUMBER, 
	"EID_DOC" NUMBER
   ) SEGMENT CREATION IMMEDIATE 
  PCTFREE 10 PCTUSED 40 INITRANS 1 MAXTRANS 255 
 NOCOMPRESS LOGGING
  STORAGE(INITIAL 65536 NEXT 1048576 MINEXTENTS 1 MAXEXTENTS 2147483645
  PCTINCREASE 0 FREELISTS 1 FREELIST GROUPS 1
  BUFFER_POOL DEFAULT FLASH_CACHE DEFAULT CELL_FLASH_CACHE DEFAULT)
  TABLESPACE "USERS" ;
--------------------------------------------------------
--  DDL for Table PATIENT
--------------------------------------------------------

  CREATE TABLE "MANAGER"."PATIENT" 
   (	"PID" NUMBER, 
	"PFNAME" VARCHAR2(20 BYTE), 
	"PLNAME" VARCHAR2(20 BYTE), 
	"PDOB" DATE, 
	"PGENRE" CHAR(1 BYTE), 
	"PPHONE" CHAR(10 BYTE), 
	"PADDRESS" VARCHAR2(20 BYTE)
   ) SEGMENT CREATION IMMEDIATE 
  PCTFREE 10 PCTUSED 40 INITRANS 1 MAXTRANS 255 
 NOCOMPRESS LOGGING
  STORAGE(INITIAL 65536 NEXT 1048576 MINEXTENTS 1 MAXEXTENTS 2147483645
  PCTINCREASE 0 FREELISTS 1 FREELIST GROUPS 1
  BUFFER_POOL DEFAULT FLASH_CACHE DEFAULT CELL_FLASH_CACHE DEFAULT)
  TABLESPACE "USERS" ;
--------------------------------------------------------
--  DDL for Table TREATMENT
--------------------------------------------------------

  CREATE TABLE "MANAGER"."TREATMENT" 
   (	"EID_DOC" NUMBER, 
	"PID_IN" NUMBER, 
	"TRID" VARCHAR2(5 BYTE), 
	"TRSTART" DATE, 
	"TREND" DATE, 
	"TRRESULT" VARCHAR2(20 BYTE)
   ) SEGMENT CREATION IMMEDIATE 
  PCTFREE 10 PCTUSED 40 INITRANS 1 MAXTRANS 255 
 NOCOMPRESS LOGGING
  STORAGE(INITIAL 65536 NEXT 1048576 MINEXTENTS 1 MAXEXTENTS 2147483645
  PCTINCREASE 0 FREELISTS 1 FREELIST GROUPS 1
  BUFFER_POOL DEFAULT FLASH_CACHE DEFAULT CELL_FLASH_CACHE DEFAULT)
  TABLESPACE "USERS" ;
--------------------------------------------------------
--  DDL for Table USES_EXAM
--------------------------------------------------------

  CREATE TABLE "MANAGER"."USES_EXAM" 
   (	"EID_DOC" NUMBER, 
	"PID_OUT" NUMBER, 
	"EXID" VARCHAR2(5 BYTE), 
	"MID" NUMBER
   ) SEGMENT CREATION IMMEDIATE 
  PCTFREE 10 PCTUSED 40 INITRANS 1 MAXTRANS 255 
 NOCOMPRESS LOGGING
  STORAGE(INITIAL 65536 NEXT 1048576 MINEXTENTS 1 MAXEXTENTS 2147483645
  PCTINCREASE 0 FREELISTS 1 FREELIST GROUPS 1
  BUFFER_POOL DEFAULT FLASH_CACHE DEFAULT CELL_FLASH_CACHE DEFAULT)
  TABLESPACE "USERS" ;
--------------------------------------------------------
--  DDL for Table USES_TREAT
--------------------------------------------------------

  CREATE TABLE "MANAGER"."USES_TREAT" 
   (	"EID_DOC" NUMBER, 
	"PID_IN" NUMBER, 
	"TRID" VARCHAR2(5 BYTE), 
	"MID" NUMBER
   ) SEGMENT CREATION IMMEDIATE 
  PCTFREE 10 PCTUSED 40 INITRANS 1 MAXTRANS 255 
 NOCOMPRESS LOGGING
  STORAGE(INITIAL 65536 NEXT 1048576 MINEXTENTS 1 MAXEXTENTS 2147483645
  PCTINCREASE 0 FREELISTS 1 FREELIST GROUPS 1
  BUFFER_POOL DEFAULT FLASH_CACHE DEFAULT CELL_FLASH_CACHE DEFAULT)
  TABLESPACE "USERS" ;
REM INSERTING into MANAGER.EMP_PHONE
SET DEFINE OFF;
Insert into MANAGER.EMP_PHONE (EID,EPHONE) values ('1652178   ','0904128733');
Insert into MANAGER.EMP_PHONE (EID,EPHONE) values ('1652342   ','0903844969');
Insert into MANAGER.EMP_PHONE (EID,EPHONE) values ('1652342   ','0903895233');
Insert into MANAGER.EMP_PHONE (EID,EPHONE) values ('1652378   ','0904235678');
Insert into MANAGER.EMP_PHONE (EID,EPHONE) values ('1652378   ','0908041788');
Insert into MANAGER.EMP_PHONE (EID,EPHONE) values ('1653328   ','0904123478');
Insert into MANAGER.EMP_PHONE (EID,EPHONE) values ('1653456   ','0932106739');
Insert into MANAGER.EMP_PHONE (EID,EPHONE) values ('1654213   ','0934073958');
Insert into MANAGER.EMP_PHONE (EID,EPHONE) values ('1655109   ','0934631058');
Insert into MANAGER.EMP_PHONE (EID,EPHONE) values ('1656849   ','0904638423');
REM INSERTING into MANAGER.DOCTOR
SET DEFINE OFF;
Insert into MANAGER.DOCTOR (EID_DOC) values (1652178);
Insert into MANAGER.DOCTOR (EID_DOC) values (1652378);
Insert into MANAGER.DOCTOR (EID_DOC) values (1653328);
Insert into MANAGER.DOCTOR (EID_DOC) values (1654213);
REM INSERTING into MANAGER.DEPARTMENT
SET DEFINE OFF;
Insert into MANAGER.DEPARTMENT (DID,DTITLE,EID) values ('D1013','TU DU',1653328);
Insert into MANAGER.DEPARTMENT (DID,DTITLE,EID) values ('D1001','BACH KHOA',1652378);
Insert into MANAGER.DEPARTMENT (DID,DTITLE,EID) values ('D1005','PHAM NGOC THACH',1652342);
Insert into MANAGER.DEPARTMENT (DID,DTITLE,EID) values ('D1009','NHI DONG',1652178);
Insert into MANAGER.DEPARTMENT (DID,DTITLE,EID) values ('D1011','DA KHOA SAI GON',1653456);
REM INSERTING into MANAGER.EMPLOYEE
SET DEFINE OFF;
Insert into MANAGER.EMPLOYEE (EID,EFNAME,ELNAME,EDOB,EGENRE,ESPECIALTY,EADDRESS,ESTARTDATE,DID) values (1653328,'TAN','TA',to_date('14-FEB-43','DD-MON-RR'),'M','Andrologists','145 PHAM HUNG',to_date('15-APR-73','DD-MON-RR'),'D1013');
Insert into MANAGER.EMPLOYEE (EID,EFNAME,ELNAME,EDOB,EGENRE,ESPECIALTY,EADDRESS,ESTARTDATE,DID) values (1654213,'TRIET','MINH',to_date('16-MAR-56','DD-MON-RR'),'F','Anatomists','65 VAN CAO',to_date('19-APR-82','DD-MON-RR'),'D1005');
Insert into MANAGER.EMPLOYEE (EID,EFNAME,ELNAME,EDOB,EGENRE,ESPECIALTY,EADDRESS,ESTARTDATE,DID) values (1655109,'DUY','CONG',to_date('02-JUL-66','DD-MON-RR'),'F','Daibetologist','78 PHAM THE HIEN',to_date('28-SEP-90','DD-MON-RR'),'D1011');
Insert into MANAGER.EMPLOYEE (EID,EFNAME,ELNAME,EDOB,EGENRE,ESPECIALTY,EADDRESS,ESTARTDATE,DID) values (1656849,'DAT','PHAM',to_date('16-SEP-54','DD-MON-RR'),'F','Oncologist','156 NGUYEN VAN LINH',to_date('21-NOV-70','DD-MON-RR'),'D1001');
Insert into MANAGER.EMPLOYEE (EID,EFNAME,ELNAME,EDOB,EGENRE,ESPECIALTY,EADDRESS,ESTARTDATE,DID) values (1652378,'MINH','NGUYEN',to_date('04-SEP-80','DD-MON-RR'),'M','Dermatologists?','94 TRUNG SON',to_date('12-MAY-00','DD-MON-RR'),'D1001');
Insert into MANAGER.EMPLOYEE (EID,EFNAME,ELNAME,EDOB,EGENRE,ESPECIALTY,EADDRESS,ESTARTDATE,DID) values (1652342,'LINH','CAN',to_date('30-APR-75','DD-MON-RR'),'M','Diabetologists??','34 THU THIEM',to_date('25-AUG-95','DD-MON-RR'),'D1005');
Insert into MANAGER.EMPLOYEE (EID,EFNAME,ELNAME,EDOB,EGENRE,ESPECIALTY,EADDRESS,ESTARTDATE,DID) values (1652178,'A','NGUYEN VAN',to_date('24-FEB-88','DD-MON-RR'),'M','Obstetrician','245 TO TO',to_date('03-DEC-03','DD-MON-RR'),'D1009');
Insert into MANAGER.EMPLOYEE (EID,EFNAME,ELNAME,EDOB,EGENRE,ESPECIALTY,EADDRESS,ESTARTDATE,DID) values (1653456,'NGON','MINH',to_date('16-JAN-83','DD-MON-RR'),'F','Neurologists','99 TO HIEN THANH',to_date('06-NOV-02','DD-MON-RR'),'D1011');
REM INSERTING into MANAGER.INPATIENT
SET DEFINE OFF;
Insert into MANAGER.INPATIENT (PID_IN,PADMISSIONDATE,PDISCHARGEDATE,PDIAGNOSIS,PSICKROOM,PFEE,EID_DOC,EID_NUR) values (1005,to_date('02-SEP-17','DD-MON-RR'),to_date('04-NOV-17','DD-MON-RR'),'CANCER',102,3000000,1652378,1652342);
Insert into MANAGER.INPATIENT (PID_IN,PADMISSIONDATE,PDISCHARGEDATE,PDIAGNOSIS,PSICKROOM,PFEE,EID_DOC,EID_NUR) values (1007,to_date('28-MAY-17','DD-MON-RR'),to_date('11-NOV-17','DD-MON-RR'),'STROKE',203,4750000,1652178,1653456);
Insert into MANAGER.INPATIENT (PID_IN,PADMISSIONDATE,PDISCHARGEDATE,PDIAGNOSIS,PSICKROOM,PFEE,EID_DOC,EID_NUR) values (1011,to_date('15-OCT-17','DD-MON-RR'),to_date('05-JAN-18','DD-MON-RR'),'FALLING RASH',105,5030000,1652178,1656849);
Insert into MANAGER.INPATIENT (PID_IN,PADMISSIONDATE,PDISCHARGEDATE,PDIAGNOSIS,PSICKROOM,PFEE,EID_DOC,EID_NUR) values (1013,to_date('04-JAN-17','DD-MON-RR'),to_date('15-JAN-18','DD-MON-RR'),'RED PARANOIA',213,2430000,1654213,1655109);
REM INSERTING into MANAGER.EXAMINATION
SET DEFINE OFF;
Insert into MANAGER.EXAMINATION (EID_DOC,PID_OUT,EXID,EXDATE,EXFEE,EXDIAGNOSIS,EXSECONDEXAMINATIONDATE) values (1652378,1000,'E0001',to_date('01-FEB-17','DD-MON-RR'),1253000,'slight sprain',to_date('01-MAR-17','DD-MON-RR'));
Insert into MANAGER.EXAMINATION (EID_DOC,PID_OUT,EXID,EXDATE,EXFEE,EXDIAGNOSIS,EXSECONDEXAMINATIONDATE) values (1652178,1002,'E0010',to_date('08-MAR-17','DD-MON-RR'),2244000,'diabetes',to_date('18-MAR-17','DD-MON-RR'));
Insert into MANAGER.EXAMINATION (EID_DOC,PID_OUT,EXID,EXDATE,EXFEE,EXDIAGNOSIS,EXSECONDEXAMINATIONDATE) values (1654213,1009,'E0100',to_date('12-MAY-17','DD-MON-RR'),1980000,'headaches',to_date('02-JUN-17','DD-MON-RR'));
Insert into MANAGER.EXAMINATION (EID_DOC,PID_OUT,EXID,EXDATE,EXFEE,EXDIAGNOSIS,EXSECONDEXAMINATIONDATE) values (1653328,1010,'E1000',to_date('14-JUN-17','DD-MON-RR'),2250000,'anaemia',to_date('25-JUN-17','DD-MON-RR'));
REM INSERTING into MANAGER.MEDICATION
SET DEFINE OFF;
Insert into MANAGER.MEDICATION (MID,MNAME,MEFFECTS,MPRICE) values (92198372,'omalizumab','cure cancer',10250000);
Insert into MANAGER.MEDICATION (MID,MNAME,MEFFECTS,MPRICE) values (96783755,'tombstone','cure stroke',15475000);
Insert into MANAGER.MEDICATION (MID,MNAME,MEFFECTS,MPRICE) values (96897221,'arachnid','cure FALLING RASH',23688000);
Insert into MANAGER.MEDICATION (MID,MNAME,MEFFECTS,MPRICE) values (93210899,'Benbafan','cure sprain',4750000);
Insert into MANAGER.MEDICATION (MID,MNAME,MEFFECTS,MPRICE) values (92007461,'Telosofan','cure RED PARANOIA',25000000);
Insert into MANAGER.MEDICATION (MID,MNAME,MEFFECTS,MPRICE) values (92569393,'Chlorozersan','cure diabetes',8420000);
Insert into MANAGER.MEDICATION (MID,MNAME,MEFFECTS,MPRICE) values (91103219,'Tetrapaz','cure headaches',3780000);
Insert into MANAGER.MEDICATION (MID,MNAME,MEFFECTS,MPRICE) values (95989740,'Benlin','cure anaemia',5200000);
REM INSERTING into MANAGER.NURSE
SET DEFINE OFF;
Insert into MANAGER.NURSE (EID_NUR) values (1652342);
Insert into MANAGER.NURSE (EID_NUR) values (1653456);
Insert into MANAGER.NURSE (EID_NUR) values (1655109);
Insert into MANAGER.NURSE (EID_NUR) values (1656849);
REM INSERTING into MANAGER.OUTPATIENT
SET DEFINE OFF;
Insert into MANAGER.OUTPATIENT (PID_OUT,EID_DOC) values (1000,1652378);
Insert into MANAGER.OUTPATIENT (PID_OUT,EID_DOC) values (1002,1652178);
Insert into MANAGER.OUTPATIENT (PID_OUT,EID_DOC) values (1009,1654213);
Insert into MANAGER.OUTPATIENT (PID_OUT,EID_DOC) values (1010,1653328);
REM INSERTING into MANAGER.PATIENT
SET DEFINE OFF;
Insert into MANAGER.PATIENT (PID,PFNAME,PLNAME,PDOB,PGENRE,PPHONE,PADDRESS) values (1000,'TOAN','KIM',to_date('04-SEP-90','DD-MON-RR'),'F','0938913165','231 DONG KHOI');
Insert into MANAGER.PATIENT (PID,PFNAME,PLNAME,PDOB,PGENRE,PPHONE,PADDRESS) values (1002,'THINH','DUC',to_date('08-JAN-94','DD-MON-RR'),'M','0163295696','25 NGO QUYEN');
Insert into MANAGER.PATIENT (PID,PFNAME,PLNAME,PDOB,PGENRE,PPHONE,PADDRESS) values (1005,'NGHIEP','DAI',to_date('14-JUN-97','DD-MON-RR'),'M','0903810370','14 VO VAN KIET');
Insert into MANAGER.PATIENT (PID,PFNAME,PLNAME,PDOB,PGENRE,PPHONE,PADDRESS) values (1007,'HUY','NGUYEN',to_date('29-FEB-00','DD-MON-RR'),'F','0949969376','423 TO HIEN THANH');
Insert into MANAGER.PATIENT (PID,PFNAME,PLNAME,PDOB,PGENRE,PPHONE,PADDRESS) values (1009,'DUNG','NGUYEN',to_date('01-FEB-99','DD-MON-RR'),'F','0120775623','129 VI HUNG');
Insert into MANAGER.PATIENT (PID,PFNAME,PLNAME,PDOB,PGENRE,PPHONE,PADDRESS) values (1010,'MINH','BI',to_date('05-APR-98','DD-MON-RR'),'M','0908485623','129 TA QUANG BUU');
Insert into MANAGER.PATIENT (PID,PFNAME,PLNAME,PDOB,PGENRE,PPHONE,PADDRESS) values (1011,'KHUYEN','BAO',to_date('15-OCT-97','DD-MON-RR'),'M','0904279023','13 NGUYEN VAN CU');
Insert into MANAGER.PATIENT (PID,PFNAME,PLNAME,PDOB,PGENRE,PPHONE,PADDRESS) values (1013,'TAI','TIEN',to_date('27-JUL-95','DD-MON-RR'),'M','0888992801','153 AU DUONG LAN');
REM INSERTING into MANAGER.TREATMENT
SET DEFINE OFF;
Insert into MANAGER.TREATMENT (EID_DOC,PID_IN,TRID,TRSTART,TREND,TRRESULT) values (1652178,1007,'T1011',to_date('01-JUN-17','DD-MON-RR'),to_date('10-JUL-17','DD-MON-RR'),'Success');
Insert into MANAGER.TREATMENT (EID_DOC,PID_IN,TRID,TRSTART,TREND,TRRESULT) values (1652178,1011,'T1013',to_date('16-OCT-17','DD-MON-RR'),to_date('27-OCT-17','DD-MON-RR'),'Success');
Insert into MANAGER.TREATMENT (EID_DOC,PID_IN,TRID,TRSTART,TREND,TRRESULT) values (1654213,1013,'T1014',to_date('16-JAN-17','DD-MON-RR'),to_date('22-OCT-17','DD-MON-RR'),'Success');
Insert into MANAGER.TREATMENT (EID_DOC,PID_IN,TRID,TRSTART,TREND,TRRESULT) values (1652378,1005,'T1015',to_date('03-SEP-17','DD-MON-RR'),to_date('01-OCT-17','DD-MON-RR'),'Success');
REM INSERTING into MANAGER.USES_EXAM
SET DEFINE OFF;
Insert into MANAGER.USES_EXAM (EID_DOC,PID_OUT,EXID,MID) values (1652178,1002,'E0010',92569393);
Insert into MANAGER.USES_EXAM (EID_DOC,PID_OUT,EXID,MID) values (1652378,1000,'E0001',93210899);
Insert into MANAGER.USES_EXAM (EID_DOC,PID_OUT,EXID,MID) values (1653328,1010,'E1000',95989740);
Insert into MANAGER.USES_EXAM (EID_DOC,PID_OUT,EXID,MID) values (1654213,1009,'E0100',91103219);
REM INSERTING into MANAGER.USES_TREAT
SET DEFINE OFF;
Insert into MANAGER.USES_TREAT (EID_DOC,PID_IN,TRID,MID) values (1652178,1007,'T1011',96783755);
Insert into MANAGER.USES_TREAT (EID_DOC,PID_IN,TRID,MID) values (1652178,1011,'T1013',96897221);
Insert into MANAGER.USES_TREAT (EID_DOC,PID_IN,TRID,MID) values (1652378,1005,'T1015',92198372);
Insert into MANAGER.USES_TREAT (EID_DOC,PID_IN,TRID,MID) values (1654213,1013,'T1014',92007461);
--------------------------------------------------------
--  DDL for Index EMPPHONE_PK
--------------------------------------------------------

  CREATE UNIQUE INDEX "MANAGER"."EMPPHONE_PK" ON "MANAGER"."EMP_PHONE" ("EID", "EPHONE") 
  PCTFREE 10 INITRANS 2 MAXTRANS 255 COMPUTE STATISTICS 
  STORAGE(INITIAL 65536 NEXT 1048576 MINEXTENTS 1 MAXEXTENTS 2147483645
  PCTINCREASE 0 FREELISTS 1 FREELIST GROUPS 1
  BUFFER_POOL DEFAULT FLASH_CACHE DEFAULT CELL_FLASH_CACHE DEFAULT)
  TABLESPACE "USERS" ;
--------------------------------------------------------
--  DDL for Index DOCTOR_PK
--------------------------------------------------------

  CREATE UNIQUE INDEX "MANAGER"."DOCTOR_PK" ON "MANAGER"."DOCTOR" ("EID_DOC") 
  PCTFREE 10 INITRANS 2 MAXTRANS 255 COMPUTE STATISTICS 
  STORAGE(INITIAL 65536 NEXT 1048576 MINEXTENTS 1 MAXEXTENTS 2147483645
  PCTINCREASE 0 FREELISTS 1 FREELIST GROUPS 1
  BUFFER_POOL DEFAULT FLASH_CACHE DEFAULT CELL_FLASH_CACHE DEFAULT)
  TABLESPACE "USERS" ;
--------------------------------------------------------
--  DDL for Index DEPARTMENT_PK
--------------------------------------------------------

  CREATE UNIQUE INDEX "MANAGER"."DEPARTMENT_PK" ON "MANAGER"."DEPARTMENT" ("DID") 
  PCTFREE 10 INITRANS 2 MAXTRANS 255 COMPUTE STATISTICS 
  STORAGE(INITIAL 65536 NEXT 1048576 MINEXTENTS 1 MAXEXTENTS 2147483645
  PCTINCREASE 0 FREELISTS 1 FREELIST GROUPS 1
  BUFFER_POOL DEFAULT FLASH_CACHE DEFAULT CELL_FLASH_CACHE DEFAULT)
  TABLESPACE "USERS" ;
--------------------------------------------------------
--  DDL for Index EMPLOYEE_PK
--------------------------------------------------------

  CREATE UNIQUE INDEX "MANAGER"."EMPLOYEE_PK" ON "MANAGER"."EMPLOYEE" ("EID") 
  PCTFREE 10 INITRANS 2 MAXTRANS 255 COMPUTE STATISTICS 
  STORAGE(INITIAL 65536 NEXT 1048576 MINEXTENTS 1 MAXEXTENTS 2147483645
  PCTINCREASE 0 FREELISTS 1 FREELIST GROUPS 1
  BUFFER_POOL DEFAULT FLASH_CACHE DEFAULT CELL_FLASH_CACHE DEFAULT)
  TABLESPACE "USERS" ;
--------------------------------------------------------
--  DDL for Index INPATIENT_PK
--------------------------------------------------------

  CREATE UNIQUE INDEX "MANAGER"."INPATIENT_PK" ON "MANAGER"."INPATIENT" ("PID_IN") 
  PCTFREE 10 INITRANS 2 MAXTRANS 255 COMPUTE STATISTICS 
  STORAGE(INITIAL 65536 NEXT 1048576 MINEXTENTS 1 MAXEXTENTS 2147483645
  PCTINCREASE 0 FREELISTS 1 FREELIST GROUPS 1
  BUFFER_POOL DEFAULT FLASH_CACHE DEFAULT CELL_FLASH_CACHE DEFAULT)
  TABLESPACE "USERS" ;
--------------------------------------------------------
--  DDL for Index EXAMINATION_PK
--------------------------------------------------------

  CREATE UNIQUE INDEX "MANAGER"."EXAMINATION_PK" ON "MANAGER"."EXAMINATION" ("EID_DOC", "PID_OUT", "EXID") 
  PCTFREE 10 INITRANS 2 MAXTRANS 255 COMPUTE STATISTICS 
  STORAGE(INITIAL 65536 NEXT 1048576 MINEXTENTS 1 MAXEXTENTS 2147483645
  PCTINCREASE 0 FREELISTS 1 FREELIST GROUPS 1
  BUFFER_POOL DEFAULT FLASH_CACHE DEFAULT CELL_FLASH_CACHE DEFAULT)
  TABLESPACE "USERS" ;
--------------------------------------------------------
--  DDL for Index MEDICATION_PK
--------------------------------------------------------

  CREATE UNIQUE INDEX "MANAGER"."MEDICATION_PK" ON "MANAGER"."MEDICATION" ("MID") 
  PCTFREE 10 INITRANS 2 MAXTRANS 255 COMPUTE STATISTICS 
  STORAGE(INITIAL 65536 NEXT 1048576 MINEXTENTS 1 MAXEXTENTS 2147483645
  PCTINCREASE 0 FREELISTS 1 FREELIST GROUPS 1
  BUFFER_POOL DEFAULT FLASH_CACHE DEFAULT CELL_FLASH_CACHE DEFAULT)
  TABLESPACE "USERS" ;
--------------------------------------------------------
--  DDL for Index NURSE_PK
--------------------------------------------------------

  CREATE UNIQUE INDEX "MANAGER"."NURSE_PK" ON "MANAGER"."NURSE" ("EID_NUR") 
  PCTFREE 10 INITRANS 2 MAXTRANS 255 COMPUTE STATISTICS 
  STORAGE(INITIAL 65536 NEXT 1048576 MINEXTENTS 1 MAXEXTENTS 2147483645
  PCTINCREASE 0 FREELISTS 1 FREELIST GROUPS 1
  BUFFER_POOL DEFAULT FLASH_CACHE DEFAULT CELL_FLASH_CACHE DEFAULT)
  TABLESPACE "USERS" ;
--------------------------------------------------------
--  DDL for Index OUTPATIENT_PK
--------------------------------------------------------

  CREATE UNIQUE INDEX "MANAGER"."OUTPATIENT_PK" ON "MANAGER"."OUTPATIENT" ("PID_OUT") 
  PCTFREE 10 INITRANS 2 MAXTRANS 255 COMPUTE STATISTICS 
  STORAGE(INITIAL 65536 NEXT 1048576 MINEXTENTS 1 MAXEXTENTS 2147483645
  PCTINCREASE 0 FREELISTS 1 FREELIST GROUPS 1
  BUFFER_POOL DEFAULT FLASH_CACHE DEFAULT CELL_FLASH_CACHE DEFAULT)
  TABLESPACE "USERS" ;
--------------------------------------------------------
--  DDL for Index PATIENT_PK
--------------------------------------------------------

  CREATE UNIQUE INDEX "MANAGER"."PATIENT_PK" ON "MANAGER"."PATIENT" ("PID") 
  PCTFREE 10 INITRANS 2 MAXTRANS 255 COMPUTE STATISTICS 
  STORAGE(INITIAL 65536 NEXT 1048576 MINEXTENTS 1 MAXEXTENTS 2147483645
  PCTINCREASE 0 FREELISTS 1 FREELIST GROUPS 1
  BUFFER_POOL DEFAULT FLASH_CACHE DEFAULT CELL_FLASH_CACHE DEFAULT)
  TABLESPACE "USERS" ;
--------------------------------------------------------
--  DDL for Index TREATMENT_PK
--------------------------------------------------------

  CREATE UNIQUE INDEX "MANAGER"."TREATMENT_PK" ON "MANAGER"."TREATMENT" ("EID_DOC", "PID_IN", "TRID") 
  PCTFREE 10 INITRANS 2 MAXTRANS 255 COMPUTE STATISTICS 
  STORAGE(INITIAL 65536 NEXT 1048576 MINEXTENTS 1 MAXEXTENTS 2147483645
  PCTINCREASE 0 FREELISTS 1 FREELIST GROUPS 1
  BUFFER_POOL DEFAULT FLASH_CACHE DEFAULT CELL_FLASH_CACHE DEFAULT)
  TABLESPACE "USERS" ;
--------------------------------------------------------
--  DDL for Index USESEXAM_PK
--------------------------------------------------------

  CREATE UNIQUE INDEX "MANAGER"."USESEXAM_PK" ON "MANAGER"."USES_EXAM" ("EID_DOC", "PID_OUT", "EXID", "MID") 
  PCTFREE 10 INITRANS 2 MAXTRANS 255 COMPUTE STATISTICS 
  STORAGE(INITIAL 65536 NEXT 1048576 MINEXTENTS 1 MAXEXTENTS 2147483645
  PCTINCREASE 0 FREELISTS 1 FREELIST GROUPS 1
  BUFFER_POOL DEFAULT FLASH_CACHE DEFAULT CELL_FLASH_CACHE DEFAULT)
  TABLESPACE "USERS" ;
--------------------------------------------------------
--  DDL for Index USESTREAT_PK
--------------------------------------------------------

  CREATE UNIQUE INDEX "MANAGER"."USESTREAT_PK" ON "MANAGER"."USES_TREAT" ("EID_DOC", "PID_IN", "TRID", "MID") 
  PCTFREE 10 INITRANS 2 MAXTRANS 255 COMPUTE STATISTICS 
  STORAGE(INITIAL 65536 NEXT 1048576 MINEXTENTS 1 MAXEXTENTS 2147483645
  PCTINCREASE 0 FREELISTS 1 FREELIST GROUPS 1
  BUFFER_POOL DEFAULT FLASH_CACHE DEFAULT CELL_FLASH_CACHE DEFAULT)
  TABLESPACE "USERS" ;
--------------------------------------------------------
--  Constraints for Table EMP_PHONE
--------------------------------------------------------

  ALTER TABLE "MANAGER"."EMP_PHONE" MODIFY ("EID" NOT NULL ENABLE);
  ALTER TABLE "MANAGER"."EMP_PHONE" MODIFY ("EPHONE" NOT NULL ENABLE);
  ALTER TABLE "MANAGER"."EMP_PHONE" ADD CONSTRAINT "EMPPHONE_PK" PRIMARY KEY ("EID", "EPHONE")
  USING INDEX PCTFREE 10 INITRANS 2 MAXTRANS 255 COMPUTE STATISTICS 
  STORAGE(INITIAL 65536 NEXT 1048576 MINEXTENTS 1 MAXEXTENTS 2147483645
  PCTINCREASE 0 FREELISTS 1 FREELIST GROUPS 1
  BUFFER_POOL DEFAULT FLASH_CACHE DEFAULT CELL_FLASH_CACHE DEFAULT)
  TABLESPACE "USERS"  ENABLE;
--------------------------------------------------------
--  Constraints for Table DOCTOR
--------------------------------------------------------

  ALTER TABLE "MANAGER"."DOCTOR" MODIFY ("EID_DOC" NOT NULL ENABLE);
  ALTER TABLE "MANAGER"."DOCTOR" ADD CONSTRAINT "DOCTOR_PK" PRIMARY KEY ("EID_DOC")
  USING INDEX PCTFREE 10 INITRANS 2 MAXTRANS 255 COMPUTE STATISTICS 
  STORAGE(INITIAL 65536 NEXT 1048576 MINEXTENTS 1 MAXEXTENTS 2147483645
  PCTINCREASE 0 FREELISTS 1 FREELIST GROUPS 1
  BUFFER_POOL DEFAULT FLASH_CACHE DEFAULT CELL_FLASH_CACHE DEFAULT)
  TABLESPACE "USERS"  ENABLE;
--------------------------------------------------------
--  Constraints for Table DEPARTMENT
--------------------------------------------------------

  ALTER TABLE "MANAGER"."DEPARTMENT" MODIFY ("DID" NOT NULL ENABLE);
  ALTER TABLE "MANAGER"."DEPARTMENT" ADD CONSTRAINT "DEPARTMENT_PK" PRIMARY KEY ("DID")
  USING INDEX PCTFREE 10 INITRANS 2 MAXTRANS 255 COMPUTE STATISTICS 
  STORAGE(INITIAL 65536 NEXT 1048576 MINEXTENTS 1 MAXEXTENTS 2147483645
  PCTINCREASE 0 FREELISTS 1 FREELIST GROUPS 1
  BUFFER_POOL DEFAULT FLASH_CACHE DEFAULT CELL_FLASH_CACHE DEFAULT)
  TABLESPACE "USERS"  ENABLE;
--------------------------------------------------------
--  Constraints for Table EMPLOYEE
--------------------------------------------------------

  ALTER TABLE "MANAGER"."EMPLOYEE" MODIFY ("DID" NOT NULL ENABLE);
  ALTER TABLE "MANAGER"."EMPLOYEE" MODIFY ("EID" NOT NULL ENABLE);
  ALTER TABLE "MANAGER"."EMPLOYEE" ADD CONSTRAINT "EMPLOYEE_PK" PRIMARY KEY ("EID")
  USING INDEX PCTFREE 10 INITRANS 2 MAXTRANS 255 COMPUTE STATISTICS 
  STORAGE(INITIAL 65536 NEXT 1048576 MINEXTENTS 1 MAXEXTENTS 2147483645
  PCTINCREASE 0 FREELISTS 1 FREELIST GROUPS 1
  BUFFER_POOL DEFAULT FLASH_CACHE DEFAULT CELL_FLASH_CACHE DEFAULT)
  TABLESPACE "USERS"  ENABLE;
--------------------------------------------------------
--  Constraints for Table INPATIENT
--------------------------------------------------------

  ALTER TABLE "MANAGER"."INPATIENT" MODIFY ("PID_IN" NOT NULL ENABLE);
  ALTER TABLE "MANAGER"."INPATIENT" ADD CONSTRAINT "INPATIENT_PK" PRIMARY KEY ("PID_IN")
  USING INDEX PCTFREE 10 INITRANS 2 MAXTRANS 255 COMPUTE STATISTICS 
  STORAGE(INITIAL 65536 NEXT 1048576 MINEXTENTS 1 MAXEXTENTS 2147483645
  PCTINCREASE 0 FREELISTS 1 FREELIST GROUPS 1
  BUFFER_POOL DEFAULT FLASH_CACHE DEFAULT CELL_FLASH_CACHE DEFAULT)
  TABLESPACE "USERS"  ENABLE;
--------------------------------------------------------
--  Constraints for Table EXAMINATION
--------------------------------------------------------

  ALTER TABLE "MANAGER"."EXAMINATION" MODIFY ("EID_DOC" NOT NULL ENABLE);
  ALTER TABLE "MANAGER"."EXAMINATION" MODIFY ("PID_OUT" NOT NULL ENABLE);
  ALTER TABLE "MANAGER"."EXAMINATION" MODIFY ("EXID" NOT NULL ENABLE);
  ALTER TABLE "MANAGER"."EXAMINATION" ADD CONSTRAINT "EXAMINATION_PK" PRIMARY KEY ("EID_DOC", "PID_OUT", "EXID")
  USING INDEX PCTFREE 10 INITRANS 2 MAXTRANS 255 COMPUTE STATISTICS 
  STORAGE(INITIAL 65536 NEXT 1048576 MINEXTENTS 1 MAXEXTENTS 2147483645
  PCTINCREASE 0 FREELISTS 1 FREELIST GROUPS 1
  BUFFER_POOL DEFAULT FLASH_CACHE DEFAULT CELL_FLASH_CACHE DEFAULT)
  TABLESPACE "USERS"  ENABLE;
--------------------------------------------------------
--  Constraints for Table MEDICATION
--------------------------------------------------------

  ALTER TABLE "MANAGER"."MEDICATION" MODIFY ("MID" NOT NULL ENABLE);
  ALTER TABLE "MANAGER"."MEDICATION" ADD CONSTRAINT "MEDICATION_PK" PRIMARY KEY ("MID")
  USING INDEX PCTFREE 10 INITRANS 2 MAXTRANS 255 COMPUTE STATISTICS 
  STORAGE(INITIAL 65536 NEXT 1048576 MINEXTENTS 1 MAXEXTENTS 2147483645
  PCTINCREASE 0 FREELISTS 1 FREELIST GROUPS 1
  BUFFER_POOL DEFAULT FLASH_CACHE DEFAULT CELL_FLASH_CACHE DEFAULT)
  TABLESPACE "USERS"  ENABLE;
--------------------------------------------------------
--  Constraints for Table NURSE
--------------------------------------------------------

  ALTER TABLE "MANAGER"."NURSE" MODIFY ("EID_NUR" NOT NULL ENABLE);
  ALTER TABLE "MANAGER"."NURSE" ADD CONSTRAINT "NURSE_PK" PRIMARY KEY ("EID_NUR")
  USING INDEX PCTFREE 10 INITRANS 2 MAXTRANS 255 COMPUTE STATISTICS 
  STORAGE(INITIAL 65536 NEXT 1048576 MINEXTENTS 1 MAXEXTENTS 2147483645
  PCTINCREASE 0 FREELISTS 1 FREELIST GROUPS 1
  BUFFER_POOL DEFAULT FLASH_CACHE DEFAULT CELL_FLASH_CACHE DEFAULT)
  TABLESPACE "USERS"  ENABLE;
--------------------------------------------------------
--  Constraints for Table OUTPATIENT
--------------------------------------------------------

  ALTER TABLE "MANAGER"."OUTPATIENT" MODIFY ("PID_OUT" NOT NULL ENABLE);
  ALTER TABLE "MANAGER"."OUTPATIENT" MODIFY ("EID_DOC" NOT NULL ENABLE);
  ALTER TABLE "MANAGER"."OUTPATIENT" ADD CONSTRAINT "OUTPATIENT_PK" PRIMARY KEY ("PID_OUT")
  USING INDEX PCTFREE 10 INITRANS 2 MAXTRANS 255 COMPUTE STATISTICS 
  STORAGE(INITIAL 65536 NEXT 1048576 MINEXTENTS 1 MAXEXTENTS 2147483645
  PCTINCREASE 0 FREELISTS 1 FREELIST GROUPS 1
  BUFFER_POOL DEFAULT FLASH_CACHE DEFAULT CELL_FLASH_CACHE DEFAULT)
  TABLESPACE "USERS"  ENABLE;
--------------------------------------------------------
--  Constraints for Table PATIENT
--------------------------------------------------------

  ALTER TABLE "MANAGER"."PATIENT" MODIFY ("PID" NOT NULL ENABLE);
  ALTER TABLE "MANAGER"."PATIENT" ADD CONSTRAINT "PATIENT_PK" PRIMARY KEY ("PID")
  USING INDEX PCTFREE 10 INITRANS 2 MAXTRANS 255 COMPUTE STATISTICS 
  STORAGE(INITIAL 65536 NEXT 1048576 MINEXTENTS 1 MAXEXTENTS 2147483645
  PCTINCREASE 0 FREELISTS 1 FREELIST GROUPS 1
  BUFFER_POOL DEFAULT FLASH_CACHE DEFAULT CELL_FLASH_CACHE DEFAULT)
  TABLESPACE "USERS"  ENABLE;
--------------------------------------------------------
--  Constraints for Table TREATMENT
--------------------------------------------------------

  ALTER TABLE "MANAGER"."TREATMENT" MODIFY ("EID_DOC" NOT NULL ENABLE);
  ALTER TABLE "MANAGER"."TREATMENT" MODIFY ("PID_IN" NOT NULL ENABLE);
  ALTER TABLE "MANAGER"."TREATMENT" MODIFY ("TRID" NOT NULL ENABLE);
  ALTER TABLE "MANAGER"."TREATMENT" ADD CONSTRAINT "TREATMENT_PK" PRIMARY KEY ("EID_DOC", "PID_IN", "TRID")
  USING INDEX PCTFREE 10 INITRANS 2 MAXTRANS 255 COMPUTE STATISTICS 
  STORAGE(INITIAL 65536 NEXT 1048576 MINEXTENTS 1 MAXEXTENTS 2147483645
  PCTINCREASE 0 FREELISTS 1 FREELIST GROUPS 1
  BUFFER_POOL DEFAULT FLASH_CACHE DEFAULT CELL_FLASH_CACHE DEFAULT)
  TABLESPACE "USERS"  ENABLE;
--------------------------------------------------------
--  Constraints for Table USES_EXAM
--------------------------------------------------------

  ALTER TABLE "MANAGER"."USES_EXAM" MODIFY ("EID_DOC" NOT NULL ENABLE);
  ALTER TABLE "MANAGER"."USES_EXAM" MODIFY ("PID_OUT" NOT NULL ENABLE);
  ALTER TABLE "MANAGER"."USES_EXAM" MODIFY ("EXID" NOT NULL ENABLE);
  ALTER TABLE "MANAGER"."USES_EXAM" MODIFY ("MID" NOT NULL ENABLE);
  ALTER TABLE "MANAGER"."USES_EXAM" ADD CONSTRAINT "USESEXAM_PK" PRIMARY KEY ("EID_DOC", "PID_OUT", "EXID", "MID")
  USING INDEX PCTFREE 10 INITRANS 2 MAXTRANS 255 COMPUTE STATISTICS 
  STORAGE(INITIAL 65536 NEXT 1048576 MINEXTENTS 1 MAXEXTENTS 2147483645
  PCTINCREASE 0 FREELISTS 1 FREELIST GROUPS 1
  BUFFER_POOL DEFAULT FLASH_CACHE DEFAULT CELL_FLASH_CACHE DEFAULT)
  TABLESPACE "USERS"  ENABLE;
--------------------------------------------------------
--  Constraints for Table USES_TREAT
--------------------------------------------------------

  ALTER TABLE "MANAGER"."USES_TREAT" MODIFY ("EID_DOC" NOT NULL ENABLE);
  ALTER TABLE "MANAGER"."USES_TREAT" MODIFY ("PID_IN" NOT NULL ENABLE);
  ALTER TABLE "MANAGER"."USES_TREAT" MODIFY ("TRID" NOT NULL ENABLE);
  ALTER TABLE "MANAGER"."USES_TREAT" MODIFY ("MID" NOT NULL ENABLE);
  ALTER TABLE "MANAGER"."USES_TREAT" ADD CONSTRAINT "USESTREAT_PK" PRIMARY KEY ("EID_DOC", "PID_IN", "TRID", "MID")
  USING INDEX PCTFREE 10 INITRANS 2 MAXTRANS 255 COMPUTE STATISTICS 
  STORAGE(INITIAL 65536 NEXT 1048576 MINEXTENTS 1 MAXEXTENTS 2147483645
  PCTINCREASE 0 FREELISTS 1 FREELIST GROUPS 1
  BUFFER_POOL DEFAULT FLASH_CACHE DEFAULT CELL_FLASH_CACHE DEFAULT)
  TABLESPACE "USERS"  ENABLE;
